date,tavg,tmin,tmax,prcp,snow,wdir,wspd,wpgt,pres,tsun
2023-01-01 00:00:00,11.3,7,14.7,0,0,151,10.8,24.1,1021.4,138
2023-01-02 00:00:00,10.8,7.5,15.2,0,0,162,13,35.6,1021.5,192
2023-01-03 00:00:00,5.7,0.8,9,0,0,193,6.8,20.5,1031.1,258
2023-01-04 00:00:00,6.3,-0.4,10.6,2.7,0,182,17.6,44.3,1025.5,0
2023-01-05 00:00:00,9.6,7.8,11.3,1.2,0,247,21.2,55.1,1021.7,102
2023-01-06 00:00:00,8.9,7.6,10.4,0,0,201,11.2,46.4,1023,0
2023-01-07 00:00:00,7,1.8,10.3,0,0,132,10.1,24.1,1018.5,108
2023-01-08 00:00:00,4.6,1.2,7.3,5.2,0,130,13.7,25.9,1009.1,6
2023-01-09 00:00:00,5.4,4,7,0.7,0,195,15.5,44.3,1005,0
2023-01-10 00:00:00,4.4,2.2,5.7,0,0,242,15.1,35.6,1021,0
2023-01-11 00:00:00,6.3,3,8.8,3.1,0,173,14.4,33.5,1017.8,0
2023-01-12 00:00:00,7.8,5,9.6,0.2,0,203,18.7,52.6,1017.4,12
2023-01-13 00:00:00,8.1,5.9,9.9,2.6,0,215,18.7,49.3,1014.3,36
2023-01-14 00:00:00,6.4,3.4,8.7,3.7,0,184,17.6,40.7,1016,54
2023-01-15 00:00:00,5.5,1.4,10.5,5.1,0,210,18,48.6,1007.1,6
2023-01-16 00:00:00,3.1,-1.1,5.6,0.2,0,157,21.2,49.3,994.6,264
2023-01-17 00:00:00,1.6,-1.1,4.3,0.1,0,254,11.2,50,989.4,282
2023-01-18 00:00:00,-0.1,-1.7,0.6,0.3,0,283,9,25.9,996,0
2023-01-19 00:00:00,-1.5,-5,0.9,0,0,203,7.9,26.6,1009.7,150
2023-01-20 00:00:00,-0.7,-3.9,1.2,0,0,304,5.4,16.2,1017.5,0
2023-01-21 00:00:00,-1.9,-3.7,-0.7,0.1,0,327,13.7,40,1025.2,6
2023-01-22 00:00:00,-0.4,-1.6,1.2,0.9,0,334,6.1,14.8,1027.9,0
2023-01-23 00:00:00,1.1,-0.6,3.6,0,10,16,8.3,29.5,1033.4,108
2023-01-24 00:00:00,1.9,0.8,2.8,0,0,54,9.7,24.1,1036.4,0
2023-01-25 00:00:00,0,-0.7,0.8,0,0,91,6.5,19.8,1032.1,0
2023-01-26 00:00:00,-1.1,-1.8,-0.7,0,0,326,6.8,16.6,1022.6,0
2023-01-27 00:00:00,-0.8,-1.9,0.2,0,0,356,10.1,20.9,1023,0
2023-01-28 00:00:00,-0.2,-2.7,1.6,0,0,359,10.4,25.9,1027.8,0
2023-01-29 00:00:00,-2.9,-5.5,-0.6,0,0,266,6.8,18.4,1029.5,90
2023-01-30 00:00:00,0.9,-4.5,3,0,0,235,23.4,58,1021,6
2023-01-31 00:00:00,2.9,1.4,4.1,1.2,0,253,23.8,51.1,1024.8,12
2023-02-01 00:00:00,4.4,3,5.5,8.6,0,252,28.1,67.3,1020.7,18
2023-02-02 00:00:00,2.8,0.3,6.1,24.3,0,318,16.2,64.1,1023.9,0
2023-02-03 00:00:00,6.3,5.1,7.7,1.1,0,254,31,63,1025.6,0
2023-02-04 00:00:00,2.3,-4.5,5.9,0.5,0,344,13,47.5,1035.6,96
2023-02-05 00:00:00,-1.7,-6.9,2.6,0,0,93,7.9,16.6,1038.3,48
2023-02-06 00:00:00,-1.6,-6.4,1.2,0,0,21,6.8,24.1,1039.7,6
2023-02-07 00:00:00,-2.6,-7.6,3,0,0,80,7.2,27.7,1041.3,558
2023-02-08 00:00:00,-3.2,-8.9,3.2,0,0,82,10.1,32.8,1039.8,558
2023-02-09 00:00:00,-3.6,-9.6,2.9,0,0,116,6.8,22.7,1036.3,558
2023-02-10 00:00:00,-3,-8.8,3.3,0,0,93,8.3,18.4,1040.1,348
2023-02-11 00:00:00,1.8,-4.4,5.6,0,0,222,8.6,25.9,1037.3,54
2023-02-12 00:00:00,4.1,1,6.9,0,0,271,4,11.2,1039.6,102
2023-02-13 00:00:00,1.6,-3,9.7,0,0,116,5.8,22.3,1040,318
2023-02-14 00:00:00,1.3,-0.7,4.7,0,0,115,9.4,22.3,1037.5,78
2023-02-15 00:00:00,-0.1,-2.3,4.9,0,0,126,11.5,22.3,1032.2,318
2023-02-16 00:00:00,3.9,-4.6,11.5,0,0,135,8.3,18.4,1028.5,426
2023-02-17 00:00:00,9.6,5.5,12.3,0.2,0,216,19.8,55.1,1024.1,12
2023-02-18 00:00:00,10.8,9.1,12.8,0.2,0,255,26.6,63,1022.3,18
2023-02-19 00:00:00,8.5,7,10,0.7,0,254,22.7,52.6,1023.2,60
2023-02-20 00:00:00,9,6.2,13.6,0,0,246,18.4,48.2,1024.8,504
2023-02-21 00:00:00,7.8,0.3,14.8,0,0,230,6.5,24.1,1020.3,276
2023-02-22 00:00:00,7.9,-1.2,16,0,0,107,6.1,14.8,1015.2,426
2023-02-23 00:00:00,8,4.6,10.7,0.3,0,163,4.7,13,1014.2,0
2023-02-24 00:00:00,6.6,1.9,9.3,1.9,0,274,11.9,43.2,1007.3,6
2023-02-25 00:00:00,2,-1.3,4.7,0.8,0,288,21.6,56.9,1007.2,42
2023-02-26 00:00:00,-0.9,-3.2,2.6,0,0,2,15.1,45,1018.9,240
2023-02-27 00:00:00,-1.5,-5.5,3.1,0,0,42,11.2,37.1,1027.1,414
2023-02-28 00:00:00,0,-3.4,5.2,0,0,56,13.3,42.5,1028,594
2023-03-01 00:00:00,2.2,-3.9,8.4,0,0,48,11.2,43.2,1024.4,618
2023-03-02 00:00:00,4.7,-2.2,12.3,0,0,43,10.1,38.9,1019.6,618
2023-03-03 00:00:00,2.2,-4.1,10.1,0,0,335,7.9,25.9,1021.9,564
2023-03-04 00:00:00,0.3,-3.6,2.5,0,0,275,11.9,26.6,1023,0
2023-03-05 00:00:00,2.3,0.9,3.4,0,0,259,11.2,27.7,1016.3,0
2023-03-06 00:00:00,2.3,0.4,4.7,0,0,215,13.7,38.2,1007.6,6
2023-03-07 00:00:00,3.9,1.1,6.5,0,0,225,19.8,45,1002.5,90
2023-03-08 00:00:00,4.6,0.6,8.6,33.9,0,195,14.4,47.5,998.4,0
2023-03-09 00:00:00,9.2,5.6,12.5,0.9,0,220,21.2,65.9,998.4,54
2023-03-10 00:00:00,8.2,2.1,11.9,2.4,0,204,26.6,87.1,995.2,90
2023-03-11 00:00:00,1.1,-2.8,3.6,0.1,0,277,20.2,69.8,1010.2,60
2023-03-12 00:00:00,3.4,-3.5,8.8,0,0,153,11.5,29.2,1014.7,12
2023-03-13 00:00:00,11.6,7.2,18.2,8.7,0,181,16.9,60.5,1005.7,198
2023-03-14 00:00:00,8.1,2,13.7,6.6,0,216,21.6,74.2,1001.3,48
2023-03-15 00:00:00,1.4,-2.6,4.3,0.9,0,265,14.4,43.9,1019.1,264
2023-03-16 00:00:00,1.9,-5.2,8.8,0,0,112,14,36.4,1022,636
2023-03-17 00:00:00,8.4,-0.3,17.6,0,0,120,13.3,31.3,1014.3,576
2023-03-18 00:00:00,10.4,2.5,18.7,0,0,112,7.9,16.6,1014.1,438
2023-03-19 00:00:00,9.5,5.5,14.9,3.2,0,127,6.8,22.3,1017,246
2023-03-20 00:00:00,9.2,7,12,0,0,217,8.3,25.9,1020.4,0
2023-03-21 00:00:00,10.4,4.4,15.8,0.1,0,214,7.2,25.2,1017.5,480
2023-03-22 00:00:00,11.3,5.4,17.7,0,0,156,11.5,38.9,1013.2,
2023-03-23 00:00:00,12.8,7.7,15.5,0.1,0,178,12.6,48.6,1010.8,
2023-03-24 00:00:00,11.9,7.9,15.2,5.5,0,196,15.8,54.4,1008.1,
2023-03-25 00:00:00,8.8,6.3,11.6,2.8,0,228,22.3,79.6,1010.5,
2023-03-26 00:00:00,8,5.7,12.4,4.9,0,221,15.8,50.8,1006.3,
2023-03-27 00:00:00,3.7,0.1,6.1,0.1,0,300,22.7,61.2,1016.3,
2023-03-28 00:00:00,3,-0.8,7.3,0,0,270,14.8,35.6,1026.6,
2023-03-29 00:00:00,8.9,3.3,13.6,0.7,0,172,12.2,33.5,1019,150
2023-03-30 00:00:00,11.7,8.6,16,13.2,0,165,14,53.6,1012.7,126
2023-03-31 00:00:00,10.1,7.1,14.9,4.6,0,204,16.9,67.3,1004.3,138
2023-04-01 00:00:00,9.1,8.2,10.2,1.2,0,223,20.2,46.4,1003.9,0
2023-04-02 00:00:00,6.1,2.8,8.5,1.3,0,320,14.8,34.6,1017.5,0
2023-04-03 00:00:00,2.8,-1.5,6.8,0,0,19,14,37.1,1028.1,360
2023-04-04 00:00:00,1.8,-2.2,6,0,0,36,10.1,32.8,1027.1,474
2023-04-05 00:00:00,2.2,-4.3,8.4,0,0,344,6.1,22.3,1023.2,612
2023-04-06 00:00:00,4.4,-3.7,12.2,0,0,144,8.3,31.3,1020.5,708
2023-04-07 00:00:00,6.3,-0.8,13.5,0,0,224,7.9,27,1017.9,624
2023-04-08 00:00:00,5.9,2.4,9.9,0.8,0,347,8.6,24.1,1022.9,18
2023-04-09 00:00:00,8.3,1.6,14.4,0,0,90,9,31,1025.7,612
2023-04-10 00:00:00,9.1,0,15.8,1.4,0,125,14.8,37.1,1022.1,672
2023-04-11 00:00:00,9.1,2.8,13.4,0.1,0,236,19.8,52.9,1014.6,360
2023-04-12 00:00:00,7.9,2.7,13.2,4.3,0,142,16.6,37.8,1006.5,18
2023-04-13 00:00:00,7.4,4.7,10.1,0.3,0,226,12.2,42.1,1007.7,78
2023-04-14 00:00:00,7.1,3.8,12.2,0,0,312,9.7,37.1,1008.7,126
2023-04-15 00:00:00,6.4,4.1,8,5.3,0,313,11.2,37.1,1009.8,0
2023-04-16 00:00:00,8.8,6.8,12.4,0.6,0,344,8.3,25.9,1018.6,66
2023-04-17 00:00:00,9,5.5,12.6,0,0,352,13.7,38.9,1022.6,138
2023-04-18 00:00:00,8.9,5.2,12.8,0,0,18,12.2,32.8,1023.8,18
2023-04-19 00:00:00,7.1,-0.3,12.6,0,0,355,12.2,47.5,1021.5,330
2023-04-20 00:00:00,5.7,-1.9,9.8,0,0,55,11.2,37.1,1016.1,276
2023-04-21 00:00:00,12.8,3.7,20.5,0,0,94,13,40,1012.5,684
2023-04-22 00:00:00,16.1,7.8,22.9,0.5,0,141,11.9,33.8,1010.6,660
2023-04-23 00:00:00,13.6,9.1,18.5,27,0,197,11.2,59.4,1008.9,144
2023-04-24 00:00:00,10.1,7.4,13.2,0.4,0,223,18.7,59.4,1009,210
2023-04-25 00:00:00,8.2,4.2,12.3,0.6,0,271,15.1,39.6,1012.6,144
2023-04-26 00:00:00,6.2,-0.8,11.4,0,0,307,8.3,31.3,1018.7,612
2023-04-27 00:00:00,9.5,2,16.5,0,0,83,6.8,24.1,1019.3,504
2023-04-28 00:00:00,11.4,7.4,15.5,3.3,0,147,10.8,24.8,1014.4,0
2023-04-29 00:00:00,12,9.7,14.6,0,0,291,12.2,31.3,1016.5,12
2023-04-30 00:00:00,13.2,8.9,18.4,0,0,39,9.4,32.8,1020.2,504
2023-05-01 00:00:00,10.4,6.4,14.3,1.5,0,58,8.6,25.9,1016.6,216
2023-05-02 00:00:00,10.4,4.5,16.4,0.3,0,17,9.4,40.7,1022,360
2023-05-03 00:00:00,11.3,3.6,18.2,0,0,356,9,25.9,1025.7,672
2023-05-04 00:00:00,13.5,4.7,21.4,0,0,103,11.5,33.5,1021.4,780
2023-05-05 00:00:00,15.1,7.4,22.1,1.2,0,147,8.3,50,1017.4,390
2023-05-06 00:00:00,15.8,11.4,20.8,0,0,277,8.3,27.7,1017.2,546
2023-05-07 00:00:00,16.4,10.5,21.8,0,0,86,11.5,35.3,1017.9,294
2023-05-08 00:00:00,13.9,9.7,18.2,0,0,87,10.8,27,1022.2,120
2023-05-09 00:00:00,16.3,11.1,21.9,2.6,0,112,14.4,45,1015.4,690
2023-05-10 00:00:00,13.8,11.6,17.2,7.4,0,244,11.5,41.4,1012.4,48
2023-05-11 00:00:00,11.1,10,12.1,15.7,0,241,9.4,40,1014.8,0
2023-05-12 00:00:00,11.8,7.3,14.8,1.1,0,78,10.1,32.8,1016.6,24
2023-05-13 00:00:00,11.2,6.3,15.3,0,0,60,10.1,35.6,1019.1,48
2023-05-14 00:00:00,12.5,5.5,18.2,0,0,27,7.9,27.7,1015.6,252
2023-05-15 00:00:00,13.2,6,19.7,0.6,0,316,9.7,44.3,1011.6,468
2023-05-16 00:00:00,11.3,5.4,16.3,0,0,347,13.7,44.3,1015.8,342
2023-05-17 00:00:00,8.9,2,14.2,0,0,353,9.4,27.7,1024,372
2023-05-18 00:00:00,10.8,1,17.4,0,0,49,10.8,40.7,1024.6,786
2023-05-19 00:00:00,13.7,8,19.4,0,0,40,11.2,35.3,1021.6,168
2023-05-20 00:00:00,18.3,12.7,23.5,0,0,66,14.4,40,1016.5,630
2023-05-21 00:00:00,20.4,15.2,26.5,0,0,90,15.1,40,1013,504
2023-05-22 00:00:00,21.2,13,28.2,0,0,72,6.1,22.3,1012.2,780
2023-05-23 00:00:00,16.2,11.2,20.4,0,0,302,17.6,44.3,1016.2,216
2023-05-24 00:00:00,11.6,8.4,16.1,0,0,357,10.1,26.6,1021.1,264
2023-05-25 00:00:00,15,4.5,23,0,0,7,10.4,33.5,1022.9,882
2023-05-26 00:00:00,16.2,7.2,23.4,0,0,1,10.1,34.6,1024.4,852
2023-05-27 00:00:00,16.3,8,23.4,0,0,44,10.8,35.6,1023.1,870
2023-05-28 00:00:00,16.7,5.6,24.7,0,0,10,8.3,31,1018.2,882
2023-05-29 00:00:00,18.1,7.5,25.8,0,0,8,10.4,36.4,1018.7,840
2023-05-30 00:00:00,17.3,10,23.7,0,0,9,11.9,37.1,1021.2,762
2023-05-31 00:00:00,17.8,8.4,25.1,0,0,55,12.2,52.9,1020.8,888
2023-06-01 00:00:00,18.7,7.7,26.4,0,0,345,7.9,32.8,1016.9,822
2023-06-02 00:00:00,16,9.4,22.3,0,0,350,12.2,38.2,1016.9,894
2023-06-03 00:00:00,16.7,8.9,23,0,0,48,10.1,32,1018.1,702
2023-06-04 00:00:00,17.3,5.9,24.6,0,0,26,8.3,33.5,1018.7,906
2023-06-05 00:00:00,17.7,10,25.2,0,0,46,10.8,46.8,1017.8,702
2023-06-06 00:00:00,14.9,9.3,20.3,0,0,349,11.9,31,1018.2,432
2023-06-07 00:00:00,18.8,9.2,26.7,0,0,37,6.5,30.2,1016.7,642
2023-06-08 00:00:00,17.6,12.7,26.4,57.4,0,33,7.6,65.9,1014.9,348
2023-06-09 00:00:00,18.7,11.3,26.2,0,0,22,5.8,50.8,1013.9,480
2023-06-10 00:00:00,20,10.6,26.9,0,0,54,10.4,41.4,1014.3,660
2023-06-11 00:00:00,20.9,12.9,26.6,0,0,74,12.6,40.7,1016.4,906
2023-06-12 00:00:00,19.9,11.6,25.5,0,0,77,11.9,36.4,1015.9,918
2023-06-13 00:00:00,18.8,10.2,24.7,0,0,69,12.2,41,1013.4,912
2023-06-14 00:00:00,17.6,10.2,23.6,0,0,46,9,40.7,1014.9,588
2023-06-15 00:00:00,17.4,8.7,23.9,0,0,11,6.8,27.7,1017.5,618
2023-06-16 00:00:00,16.2,8.6,23.9,0.2,0,26,10.8,44.3,1017.1,570
2023-06-17 00:00:00,19.2,10.7,26.5,0,0,304,10.4,37.1,1015.2,816
2023-06-18 00:00:00,21,9.6,29.2,0,0,63,7.9,23.4,1013.7,888
2023-06-19 00:00:00,22.6,16.2,28.6,0,0,138,9.7,31.3,1013.5,366
2023-06-20 00:00:00,24.9,16.9,32.5,5,0,149,9.4,46.4,1012.7,666
2023-06-21 00:00:00,21.5,17.1,26.1,0.8,0,245,8.6,31.3,1017.6,540
2023-06-22 00:00:00,24.7,15.5,33.7,2.6,0,96,10.4,48.2,1014.4,750
2023-06-23 00:00:00,17.4,15.2,21,0,0,266,22,57.2,1020.5,0
2023-06-24 00:00:00,19.6,10.5,26.1,0,0,345,6.8,25.2,1024.2,810
2023-06-25 00:00:00,21.6,11,29,0,0,77,6.5,22.7,1018.7,930
2023-06-26 00:00:00,23.6,14.1,31.9,0,0,201,16.9,51.1,1015.1,804
2023-06-27 00:00:00,19,13.5,23,0.4,0,296,13.3,33.8,1019,324
2023-06-28 00:00:00,18.3,11.9,24.6,0,0,314,8.3,27.7,1018.3,792
2023-06-29 00:00:00,20.7,9.9,28.7,0,0,152,8.3,35.6,1014.8,666
2023-06-30 00:00:00,19.7,15.1,25.9,5,0,344,8.3,33.5,1011.2,216
2023-07-01 00:00:00,19.2,13,25.2,0,0,258,14,42.1,1009.4,444
2023-07-02 00:00:00,19.2,14.5,24.2,0,0,258,18.7,52.6,1011.3,474
2023-07-03 00:00:00,19.1,14.4,23.9,0,0,233,18.4,55.4,1013.7,354
2023-07-04 00:00:00,20,13.8,26.1,2.9,0,243,11.9,38.2,1014.5,618
2023-07-05 00:00:00,17.3,11.7,22.3,12.2,0,204,13.7,51.1,1014.7,468
2023-07-06 00:00:00,18.1,8.8,25.3,0,0,0,7.6,24.1,1018.6,864
2023-07-07 00:00:00,21,8.9,29.8,0,0,98,7.2,29.2,1020.1,918
2023-07-08 00:00:00,24.1,12.3,31.9,0,0,112,8.6,33.5,1018.6,834
2023-07-09 00:00:00,26.4,14.9,34.9,0,0,132,8.6,22.3,1019.2,780
2023-07-10 00:00:00,25.4,16.8,30.7,0,0,287,14,38.9,1018.7,606
2023-07-11 00:00:00,26.3,15.8,35,7.3,0,139,9,46.8,1014.3,720
2023-07-12 00:00:00,23.8,18.3,29.6,0,0,230,18.4,45.7,1012.2,612
2023-07-13 00:00:00,20.8,14.6,25.4,0,0,274,14.8,43.9,1017.1,660
2023-07-14 00:00:00,21.2,12.1,28.5,0,0,121,10.1,29.5,1016,756
2023-07-15 00:00:00,25.3,15.7,35.8,11.8,0,142,14.8,77,1010.5,786
2023-07-16 00:00:00,20.6,15.1,26,0.5,0,248,11.5,35.6,1016.9,396
2023-07-17 00:00:00,21.1,13.1,27.5,0,0,223,11.5,38.9,1019.4,564
2023-07-18 00:00:00,20.6,9.9,28.7,0,0,329,5.8,25.9,1018.5,864
2023-07-19 00:00:00,20.8,13.9,29.1,0.9,0,323,10.4,40.8,1012.8,510
2023-07-20 00:00:00,19.8,15.4,25.2,0,0,292,11.3,35.2,1013.7,600
2023-07-21 00:00:00,18.2,13.3,24.2,0.4,0,321,11.5,35.2,1012.1,294
2023-07-22 00:00:00,18,10.8,24.2,0.2,0,210,6.2,31.5,1015.7,276
2023-07-23 00:00:00,21.9,14.8,28.8,3.4,0,200,16,46.3,1012.2,426
2023-07-24 00:00:00,19.3,15.3,24.2,13.8,0,187,13,37,1007.3,192
2023-07-25 00:00:00,15.8,12.6,20.4,20.2,0,225,13.1,45.7,1006.2,204
2023-07-26 00:00:00,13.9,10.3,17.6,5.6,0,263,10.4,43.9,1014.5,330
2023-07-27 00:00:00,14.4,8.7,18.4,11.8,0,140,12.2,37.1,1012.5,12
2023-07-28 00:00:00,18.7,16,23.4,0.8,0,214,11.5,41.4,1010.6,78
2023-07-29 00:00:00,20,14.4,25.5,9.4,0,192,13.3,48.2,1011,378
2023-07-30 00:00:00,18.9,15.2,23.3,0.6,0,233,14.8,50,1013.8,336
2023-07-31 00:00:00,18.8,15.3,22.9,5.7,0,219,12.6,38.9,1012.9,120
2023-08-01 00:00:00,17.2,14.1,21,8.7,0,206,16.6,61.2,1004.7,210
2023-08-02 00:00:00,16.2,12.5,20.5,8.4,0,156,15.1,42.5,1002.6,42
2023-08-03 00:00:00,18.8,13.9,22.2,0,0,225,21.2,58.7,1005.6,288
2023-08-04 00:00:00,16.8,12.4,21.4,7.9,0,304,8.3,36.4,1012.8,258
2023-08-05 00:00:00,17.3,14.3,20.9,4.6,0,334,8.6,22.3,1012.6,84
2023-08-06 00:00:00,14.7,11.7,18.9,13.1,0,230,20.9,61.6,1008.1,162
2023-08-07 00:00:00,12.3,10.1,16,1.2,0,257,23.8,54.4,1015.5,120
2023-08-08 00:00:00,16.2,10.4,20.8,9,0,222,15.5,50.8,1016.3,540
2023-08-09 00:00:00,15.3,9,19.5,0.9,0,244,11.9,31.3,1017.1,168
2023-08-10 00:00:00,15.7,6.2,24.3,0,0,107,5.8,20.9,1021.9,768
2023-08-11 00:00:00,20.1,9.4,29.8,0,0,132,7.2,16.6,1021.8,828
2023-08-12 00:00:00,21,15.1,30.3,0.6,0,114,10.1,70.2,1018.7,372
2023-08-13 00:00:00,21.2,15.9,27,5.4,0,123,6.8,18.4,1018.6,330
2023-08-14 00:00:00,24.1,18.9,31.2,0.1,0,117,8.6,22.3,1015.7,540
2023-08-15 00:00:00,24.3,17.3,30.4,0,0,20,7.2,34.6,1016.2,558
2023-08-16 00:00:00,23.4,16,30.2,0,0,42,7.2,27.7,1018.2,462
2023-08-17 00:00:00,22.4,16.7,31.6,55.8,0,98,9,69.1,1017.1,552
2023-08-18 00:00:00,22.2,15.1,30.4,0,0,104,5.8,18.4,1017,768
2023-08-19 00:00:00,24.9,16,32.6,0,0,126,9,24.1,1017.4,726
2023-08-20 00:00:00,26.2,18.9,33.6,0.1,0,102,6.5,22.7,1019.9,756
2023-08-21 00:00:00,25.3,19.8,31.4,0,0,334,5.4,22.3,1020.7,672
2023-08-22 00:00:00,24.5,18.4,30.9,0,0,345,7.9,35.3,1018.7,636
2023-08-23 00:00:00,21.8,15.4,28.8,0,0,330,6.1,24.1,1019.2,798
2023-08-24 00:00:00,22,13.7,30.3,1.1,0,90,8.6,39.6,1015.8,546
2023-08-25 00:00:00,21.5,16.9,26.3,14.1,0,154,11.9,31.3,1012.1,294
2023-08-26 00:00:00,19.4,15.7,24.3,5.3,0,225,9,31,1012.7,174
2023-08-27 00:00:00,16.3,14.5,19.2,8.3,0,146,6.8,25.9,1011.5,0
2023-08-28 00:00:00,14.3,12.9,15.9,4.4,0,343,9,31,1011.2,0
2023-08-29 00:00:00,14.1,11.7,16.8,5.6,0,315,11.5,29.2,1009.8,0
2023-08-30 00:00:00,15.1,10.5,19.9,3.1,0,186,7.9,32,1009.5,336
2023-08-31 00:00:00,15.1,11.5,18.8,4.4,0,232,12.6,40.7,1013.7,324
2023-09-01 00:00:00,16.9,12.9,21.3,1.6,0,194,9.4,32,1016,90
2023-09-02 00:00:00,17.8,11.9,24,0,0,54,5.8,22.3,1021,558
2023-09-03 00:00:00,17.2,12.2,23.2,0,0,359,6.5,24.1,1026.5,576
2023-09-04 00:00:00,17.7,9.7,25,0,0,69,7.9,24.1,1027.1,768
2023-09-05 00:00:00,18.9,12.6,25.3,0,0,93,10.8,29.5,1023.1,762
2023-09-06 00:00:00,18.6,9.5,27.7,0,0,42,5.8,28.4,1021.6,768
2023-09-07 00:00:00,20.1,11,28.3,0,0,56,8.6,25.9,1020.7,762
2023-09-08 00:00:00,19.5,10.8,28.1,0,0,88,6.5,19.1,1019.4,756
2023-09-09 00:00:00,19.5,10.2,29.2,0,0,90,5,16.6,1018.4,738
2023-09-10 00:00:00,20.8,12.7,29.6,0,0,31,4.3,14.8,1018.1,666
2023-09-11 00:00:00,21.6,15.1,29.1,0,0,35,5,22.3,1014.6,684
2023-09-12 00:00:00,22.3,13.6,31,0,0,95,6.5,26.6,1012.3,666
2023-09-13 00:00:00,19.4,15.5,22.2,0.4,0,250,9,29.2,1016.2,114
2023-09-14 00:00:00,16,11.1,20.8,0,0,337,7.2,19.8,1021.8,318
2023-09-15 00:00:00,16.8,8.6,24.3,0,0,70,8.6,29.5,1018.9,702
2023-09-16 00:00:00,18.4,10.2,27.5,0,0,90,6.8,19.8,1015.9,708
2023-09-17 00:00:00,20.3,13,27.8,0,0,118,10.8,25.9,1015.2,588
2023-09-18 00:00:00,18.2,15,25.5,3.7,0,145,11.5,38.9,1011.2,204
2023-09-19 00:00:00,17.1,11.1,21.6,0,0,219,14.4,45.7,1014.8,444
2023-09-20 00:00:00,17.1,9.6,24.5,0,0,134,11.5,33.5,1013.1,690
2023-09-21 00:00:00,18.9,10.2,26.6,3.4,0,112,10.8,68.4,1003.3,516
2023-09-22 00:00:00,14.2,11.3,15.9,0.6,0,186,12.2,37.1,1006.9,42
2023-09-23 00:00:00,12.8,7.8,17.8,0,0,233,9.4,43.2,1017.9,366
2023-09-24 00:00:00,11.5,4.9,19.6,0,0,83,5.4,21.6,1027.2,588
2023-09-25 00:00:00,13.4,6,21,0,0,88,7.2,31.3,1025.2,690
2023-09-26 00:00:00,15.2,7.4,23.9,0,0,56,4.7,18.4,1022.6,522
2023-09-27 00:00:00,16.2,8.9,25.4,0.1,0,106,6.5,24.8,1020.8,480
2023-09-28 00:00:00,16.8,9.4,26.2,0,0,106,7.6,16.6,1019.5,600
2023-09-29 00:00:00,18.3,9.8,26.8,0.6,0,153,11.9,49.3,1020.3,360
2023-09-30 00:00:00,14.6,7.9,19.3,0,0,297,8.6,31.3,1026.4,258
2023-10-01 00:00:00,14,6.1,23.3,0,0,115,7.6,16.6,1026.6,648
2023-10-02 00:00:00,17,7.7,27.3,0,0,127,9,18.4,1022.7,648
2023-10-03 00:00:00,17.2,10.9,27.3,2.4,0,177,18.4,62.3,1019,342
2023-10-04 00:00:00,11.9,6.1,17.5,0,0,228,9.4,31,1029.1,402
2023-10-05 00:00:00,10.4,5.2,16.3,0,0,173,10.4,32.8,1027.6,180
2023-10-06 00:00:00,11.3,3.9,19.4,0,0,134,7.9,27.7,1027.4,612
2023-10-07 00:00:00,13.2,5.5,18.4,0,0,174,10.8,31.3,1024.9,114
2023-10-08 00:00:00,15.8,11.1,18.4,0,0,277,10.8,31.3,1024.8,24
2023-10-09 00:00:00,15,8.4,20,0.3,0,132,6.8,25.9,1021.5,42
2023-10-10 00:00:00,15.5,8.5,24.7,0,0,161,7.2,20.5,1021.7,588
2023-10-11 00:00:00,16.7,8.9,26.3,0,0,142,13,38.2,1018.5,570
2023-10-12 00:00:00,15.3,11.4,19.2,3.6,0,130,7.9,24.1,1017.3,12
2023-10-13 00:00:00,18.7,13.4,26.2,1.5,0,150,11.2,27,1013.6,540
2023-10-14 00:00:00,14.6,7.8,20.2,3.5,0,234,14.8,50.8,1012.4,48
2023-10-15 00:00:00,7.1,-0.6,11.4,0.5,0,260,11.5,44.3,1021.3,324
2023-10-16 00:00:00,4,-2.1,10.8,0,0,53,6.5,16.6,1023.8,588
2023-10-17 00:00:00,4.2,-1,10.7,0,0,38,5.8,22.3,1020.2,216
2023-10-18 00:00:00,6.6,-0.1,13,3.4,0,93,9.7,26.6,1011.1,342
2023-10-19 00:00:00,11.1,7.3,15.2,2.3,0,120,11.5,27.7,998,54
2023-10-20 00:00:00,12.9,9.9,17.6,1.4,0,118,10.1,32,986.8,12
2023-10-21 00:00:00,13.6,10.1,18.1,0.5,0,164,13,29.5,1000.4,174
2023-10-22 00:00:00,10.9,6.8,16.7,0,0,159,11.2,33.5,1011.8,396
2023-10-23 00:00:00,9.9,1.7,15.2,0.3,0,100,7.6,22.3,1013.7,216
2023-10-24 00:00:00,11.2,9.8,12.6,9.2,0,119,6.1,22.3,1006.8,0
2023-10-25 00:00:00,10.6,6.2,13.4,1,0,148,14.8,46.4,1001.8,42
2023-10-26 00:00:00,11.8,10.4,13.5,3.7,0,206,12.6,39.6,997.5,18
2023-10-27 00:00:00,10.2,7.3,13.9,2.7,0,201,12.2,53.6,997,114
2023-10-28 00:00:00,10.8,8.1,14.2,1.3,0,182,11.9,38.2,1003.9,72
2023-10-29 00:00:00,12,9,15.8,1.8,0,129,12.6,29.5,1004.2,60
2023-10-30 00:00:00,12.6,7.8,17.2,4.5,0,121,8.6,29.5,1003.7,330
2023-10-31 00:00:00,10.7,7.9,12.5,0.8,0,236,15.5,46.8,1005.8,42
2023-11-01 00:00:00,11.7,8.6,16.1,0,0,160,12.6,25.9,1008,390
2023-11-02 00:00:00,8.2,5.2,9.8,7.2,0,134,12.2,32.8,994,0
2023-11-03 00:00:00,6.6,3.5,8.2,0,0,192,9.4,27.7,991.5,0
2023-11-04 00:00:00,7.6,2.7,11.1,0.3,0,155,18,57.2,990.6,234
2023-11-05 00:00:00,10.6,8.7,13.5,0.3,0,201,24.8,61.2,987.5,18
2023-11-06 00:00:00,9.9,6.4,13.8,1.4,0,216,16.2,40,1007.7,150
2023-11-07 00:00:00,7.2,4.4,10.9,1.5,0,194,12.6,50.8,1015.6,102
2023-11-08 00:00:00,7.1,2.9,10.7,0,0,202,14,40.7,1018.1,90
2023-11-09 00:00:00,6.6,1.2,10.9,0.5,0,148,14,31,1009.9,30
2023-11-10 00:00:00,7.8,5.2,10.9,2.1,0,192,14.4,40.7,1004.2,174
2023-11-11 00:00:00,5.5,3.7,8.2,1.5,0,228,18.7,58,1006.1,144
2023-11-12 00:00:00,4.2,-0.8,8.2,2.2,0,153,7.6,18,1010.6,354
2023-11-13 00:00:00,8.5,4,14.3,21.4,0,162,13,64.8,1009.2,0
2023-11-14 00:00:00,10,8.1,11.9,1.3,0,228,16.2,59.4,1009.3,6
2023-11-15 00:00:00,9.7,7.4,12,1.3,0,256,25.2,58,1016,216
2023-11-16 00:00:00,7,5,9.4,5.9,0,195,8.6,25.9,1014.8,72
2023-11-17 00:00:00,4.4,0.2,6.8,0,0,313,10.8,28.4,1019.6,168
2023-11-18 00:00:00,3.5,-0.8,7.3,14.8,0,113,9.7,28.4,1025.5,30
2023-11-19 00:00:00,9.9,5,14.2,2.6,0,210,16.2,50,1014.3,174
2023-11-20 00:00:00,9.7,7,11.7,2.2,0,240,18,51.8,1012.9,84
2023-11-21 00:00:00,7.3,3.9,9.7,0.4,0,340,7.2,29.2,1015.1,36
2023-11-22 00:00:00,1.7,0.6,3.9,0,0,342,11.5,29.2,1028,0
2023-11-23 00:00:00,3.3,-1.5,7.8,1.7,0,219,15.1,45,1024.1,30
2023-11-24 00:00:00,4.4,0.6,8.2,3.6,0,271,23.8,68.4,1008,138
2023-11-25 00:00:00,1.4,-0.9,3.2,2.3,0,282,22,48.6,1009.7,42
2023-11-26 00:00:00,1.7,-1.6,3.7,0.2,0,262,11.9,29.5,1016.2,78
2023-11-27 00:00:00,2.1,0.2,4.4,12.8,0,180,10.8,31,1005.8,0
2023-11-28 00:00:00,-0.2,-1.9,0.8,1.8,0,305,13.7,42.5,1000.4,0
2023-11-29 00:00:00,-0.8,-4.7,1.4,0,20,202,10.1,27.7,1007.8,12
2023-11-30 00:00:00,0.4,-2.3,1.6,0.3,20,120,10.1,19.8,1003.2,54
2023-12-01 00:00:00,0.1,-2,0.8,4.6,10,15,7.2,20.9,1003.8,0
2023-12-02 00:00:00,-2.9,-4.3,-1.9,0,50,325,14.4,31,1011.8,0
2023-12-03 00:00:00,-4.7,-9.1,-1.7,0,60,195,9.7,19.1,1025.5,282
2023-12-04 00:00:00,-4.6,-8.7,-1.8,1.4,50,118,14,31.3,1017,42
2023-12-05 00:00:00,1,-3.4,4,4.8,50,134,16.9,35.3,1009.8,180
2023-12-06 00:00:00,1.7,1,3,1.1,10,213,10.8,33.5,1015.2,0
2023-12-07 00:00:00,0.2,-3.7,3,0,0,144,7.2,22.3,1021.7,30
2023-12-08 00:00:00,0.4,-4.4,2.4,3.9,0,122,12.6,29.5,1014.5,0
2023-12-09 00:00:00,3.2,2.1,5.2,10.1,0,126,15.1,40.7,1011.7,0
2023-12-10 00:00:00,7.8,5.1,10,0,0,224,21.2,56.2,1009.6,150
2023-12-11 00:00:00,9,6.5,11.5,1.7,0,224,18,47.5,1006.9,84
2023-12-12 00:00:00,7.3,5.7,8.5,4.2,0,159,10.8,22.3,1008.2,24
2023-12-13 00:00:00,7.3,5.4,9.1,4.6,0,189,8.3,24.1,1002,60
2023-12-14 00:00:00,5.5,2.5,7.4,1.4,0,290,9.7,29.5,1016.1,0
2023-12-15 00:00:00,3.3,-0.9,5.5,0.2,0,270,6.5,24.1,1035.8,0
2023-12-16 00:00:00,4,-1.3,7.4,0,0,204,5.8,23.4,1042.3,120
2023-12-17 00:00:00,1.5,-2.8,8,0,0,116,9,16.6,1040.9,438
2023-12-18 00:00:00,0.8,-3.5,7.9,0,0,121,11.2,20.5,1035.8,474
2023-12-19 00:00:00,2.5,-2.6,5.8,4.1,0,167,11.2,31.3,1025.4,186
2023-12-20 00:00:00,4.7,3.8,5.9,0.5,0,250,21.2,44.3,1017.3,96
2023-12-21 00:00:00,6.6,3.9,9.5,2.7,0,239,31.7,94.3,1003.1,0
2023-12-22 00:00:00,5.7,2.2,8.7,7.5,0,273,34.9,76.7,1002.4,0
2023-12-23 00:00:00,7.3,5.2,8.5,1.2,0,264,38.5,83.9,1008.9,0
2023-12-24 00:00:00,8.8,7.3,10.9,0.9,0,245,30.6,70.9,1011.4,0
2023-12-25 00:00:00,8.9,8,9.6,1.7,0,242,23.4,59.8,1013.4,0
2023-12-26 00:00:00,8.4,6.3,9.3,0.1,0,245,21.6,60.5,1017.5,0
2023-12-27 00:00:00,5.9,2.8,10.2,0,0,136,10.8,32.8,1022,132
2023-12-28 00:00:00,6.2,0.5,9.8,0.3,0,154,10.1,31,1019.5,0
2023-12-29 00:00:00,8.6,4.9,11.1,0,0,210,13.7,38.9,1016.3,18
2023-12-30 00:00:00,7.3,1.2,10,0,0,211,15.1,46.4,1017.1,114
2023-12-31 00:00:00,4.7,-0.5,8,0,0,148,13,42.5,1009.8,6
